,Event,Image,Type
0,http://www.lmsal.com/hek/gallery/podimages/2019/01/05/pod_nitta_nariaki_2019-01-05T23%3A08%3A36.244/thumb/halocme_AIA-171_HMI-6173_20181230T161801_made_20190105T230318.jpg,http://www.lmsal.com/hek/gallery/podimages/2019/01/05/pod_nitta_nariaki_2019-01-05T23%3A08%3A36.244/halocme_AIA-171_HMI-6173_20181230T161801_made_20190105T230318.jpg,AR
1,http://www.lmsal.com/hek/gallery/podimages/2019/01/05/pod_nitta_nariaki_2019-01-05T23%3A08%3A54.619/thumb/halocme_AIA-171_HMI-6173_20181230T161801_made_20190105T230318.jpg,http://www.lmsal.com/hek/gallery/podimages/2019/01/05/pod_nitta_nariaki_2019-01-05T23%3A08%3A54.619/halocme_AIA-171_HMI-6173_20181230T161801_made_20190105T230318.jpg,AR
2,http://www.lmsal.com/hek/gallery/podimages/2019/01/05/pod_nitta_nariaki_2019-01-05T23%3A08%3A36.244/thumb/halocme_AIA-171_HMI-6173_20181230T161801_made_20190105T230318.jpg,http://www.lmsal.com/hek/gallery/podimages/2019/01/05/pod_nitta_nariaki_2019-01-05T23%3A08%3A36.244/halocme_AIA-171_HMI-6173_20181230T161801_made_20190105T230318.jpg,AR
4,http://sdowww.lmsal.com/sdomedia/ssw/media/ssw/ssw_client/data/ssw_service_190111_231813_16099/www/ssw_cutout_171_context_thumb.gif,http://sdowww.lmsal.com/sdomedia/ssw/media/ssw/ssw_client/data/ssw_service_190111_231813_16099/www/ssw_cutout_171_context_full.gif,AR
5,http://sdowww.lmsal.com/sdomedia/ssw/media/ssw/ssw_client/data/ssw_service_190111_232006_16133/www/ssw_cutout_171_context_thumb.gif,http://sdowww.lmsal.com/sdomedia/ssw/media/ssw/ssw_client/data/ssw_service_190111_232006_16133/www/ssw_cutout_171_context_full.gif,AR
6,http://sdowww.lmsal.com/sdomedia/ssw/media/ssw/ssw_client/data/ssw_service_190111_231813_16095/www/ssw_cutout_171_context_thumb.gif,http://sdowww.lmsal.com/sdomedia/ssw/media/ssw/ssw_client/data/ssw_service_190111_231813_16095/www/ssw_cutout_171_context_full.gif,AR
7,http://sdowww.lmsal.com/sdomedia/ssw/media/ssw/ssw_client/data/ssw_service_190111_232006_16137/www/ssw_cutout_171_context_thumb.gif,http://sdowww.lmsal.com/sdomedia/ssw/media/ssw/ssw_client/data/ssw_service_190111_232006_16137/www/ssw_cutout_171_context_full.gif,AR
9,http://sdowww.lmsal.com/sdomedia/ssw/media/ssw/ssw_client/data/ssw_service_190111_231428_15797/www/ssw_cutout_171_context_thumb.gif,http://sdowww.lmsal.com/sdomedia/ssw/media/ssw/ssw_client/data/ssw_service_190111_231428_15797/www/ssw_cutout_171_context_full.gif,AR
10,http://sdowww.lmsal.com/sdomedia/ssw/media/ssw/ssw_client/data/ssw_service_190111_231813_16091/www/ssw_cutout_171_context_thumb.gif,http://sdowww.lmsal.com/sdomedia/ssw/media/ssw/ssw_client/data/ssw_service_190111_231813_16091/www/ssw_cutout_171_context_full.gif,AR
11,http://sdowww.lmsal.com/sdomedia/ssw/media/ssw/ssw_client/data/ssw_service_190111_231428_15801/www/ssw_cutout_171_context_thumb.gif,http://sdowww.lmsal.com/sdomedia/ssw/media/ssw/ssw_client/data/ssw_service_190111_231428_15801/www/ssw_cutout_171_context_full.gif,AR
13,http://sdowww.lmsal.com/sdomedia/ssw/media/ssw/ssw_client/data/ssw_service_190111_231235_15699/www/ssw_cutout_171_context_thumb.gif,http://sdowww.lmsal.com/sdomedia/ssw/media/ssw/ssw_client/data/ssw_service_190111_231235_15699/www/ssw_cutout_171_context_full.gif,AR
14,http://sdowww.lmsal.com/sdomedia/ssw/media/ssw/ssw_client/data/ssw_service_190111_231036_15637/www/ssw_cutout_171_context_thumb.gif,http://sdowww.lmsal.com/sdomedia/ssw/media/ssw/ssw_client/data/ssw_service_190111_231036_15637/www/ssw_cutout_171_context_full.gif,AR
15,http://sdowww.lmsal.com/sdomedia/ssw/media/ssw/ssw_client/data/ssw_service_190111_231235_15703/www/ssw_cutout_171_context_thumb.gif,http://sdowww.lmsal.com/sdomedia/ssw/media/ssw/ssw_client/data/ssw_service_190111_231235_15703/www/ssw_cutout_171_context_full.gif,AR
17,http://sdowww.lmsal.com/sdomedia/ssw/media/ssw/ssw_client/data/ssw_service_190111_230650_15536/www/ssw_cutout_171_context_thumb.gif,http://sdowww.lmsal.com/sdomedia/ssw/media/ssw/ssw_client/data/ssw_service_190111_230650_15536/www/ssw_cutout_171_context_full.gif,AR
18,http://sdowww.lmsal.com/sdomedia/ssw/media/ssw/ssw_client/data/ssw_service_190111_231036_15633/www/ssw_cutout_171_context_thumb.gif,http://sdowww.lmsal.com/sdomedia/ssw/media/ssw/ssw_client/data/ssw_service_190111_231036_15633/www/ssw_cutout_171_context_full.gif,AR
19,http://sdowww.lmsal.com/sdomedia/ssw/media/ssw/ssw_client/data/ssw_service_190111_230842_15553/www/ssw_cutout_171_context_thumb.gif,http://sdowww.lmsal.com/sdomedia/ssw/media/ssw/ssw_client/data/ssw_service_190111_230842_15553/www/ssw_cutout_171_context_full.gif,AR
21,http://sdowww.lmsal.com/sdomedia/ssw/media/ssw/ssw_client/data/ssw_service_190111_230650_15532/www/ssw_cutout_171_context_thumb.gif,http://sdowww.lmsal.com/sdomedia/ssw/media/ssw/ssw_client/data/ssw_service_190111_230650_15532/www/ssw_cutout_171_context_full.gif,AR
22,http://sdowww.lmsal.com/sdomedia/ssw/media/ssw/ssw_client/data/ssw_service_190111_205038_9052/www/ssw_cutout_171_context_thumb.gif,http://sdowww.lmsal.com/sdomedia/ssw/media/ssw/ssw_client/data/ssw_service_190111_205038_9052/www/ssw_cutout_171_context_full.gif,AR
23,http://sdowww.lmsal.com/sdomedia/ssw/media/ssw/ssw_client/data/ssw_service_190111_205037_9048/www/ssw_cutout_171_context_thumb.gif,http://sdowww.lmsal.com/sdomedia/ssw/media/ssw/ssw_client/data/ssw_service_190111_205037_9048/www/ssw_cutout_171_context_full.gif,AR
25,http://sdowww.lmsal.com/sdomedia/ssw/media/ssw/ssw_client/data/ssw_service_190111_230456_15426/www/ssw_cutout_171_context_thumb.gif,http://sdowww.lmsal.com/sdomedia/ssw/media/ssw/ssw_client/data/ssw_service_190111_230456_15426/www/ssw_cutout_171_context_full.gif,AR
26,http://sdowww.lmsal.com/sdomedia/ssw/media/ssw/ssw_client/data/ssw_service_190111_230303_15356/www/ssw_cutout_171_context_thumb.gif,http://sdowww.lmsal.com/sdomedia/ssw/media/ssw/ssw_client/data/ssw_service_190111_230303_15356/www/ssw_cutout_171_context_full.gif,AR
28,http://sdowww.lmsal.com/sdomedia/ssw/media/ssw/ssw_client/data/ssw_service_190111_205234_9119/www/ssw_cutout_171_context_thumb.gif,http://sdowww.lmsal.com/sdomedia/ssw/media/ssw/ssw_client/data/ssw_service_190111_205234_9119/www/ssw_cutout_171_context_full.gif,AR
29,http://sdowww.lmsal.com/sdomedia/ssw/media/ssw/ssw_client/data/ssw_service_190111_205234_9123/www/ssw_cutout_171_context_thumb.gif,http://sdowww.lmsal.com/sdomedia/ssw/media/ssw/ssw_client/data/ssw_service_190111_205234_9123/www/ssw_cutout_171_context_full.gif,AR
30,http://sdowww.lmsal.com/sdomedia/ssw/media/ssw/ssw_client/data/ssw_service_190111_205234_9127/www/ssw_cutout_171_context_thumb.gif,http://sdowww.lmsal.com/sdomedia/ssw/media/ssw/ssw_client/data/ssw_service_190111_205234_9127/www/ssw_cutout_171_context_full.gif,AR
33,http://sdowww.lmsal.com/sdomedia/ssw/media/ssw/ssw_client/data/ssw_service_190111_230303_15352/www/ssw_cutout_171_context_thumb.gif,http://sdowww.lmsal.com/sdomedia/ssw/media/ssw/ssw_client/data/ssw_service_190111_230303_15352/www/ssw_cutout_171_context_full.gif,AR
34,http://sdowww.lmsal.com/sdomedia/ssw/media/ssw/ssw_client/data/ssw_service_190111_230110_15313/www/ssw_cutout_171_context_thumb.gif,http://sdowww.lmsal.com/sdomedia/ssw/media/ssw/ssw_client/data/ssw_service_190111_230110_15313/www/ssw_cutout_171_context_full.gif,AR
35,http://sdowww.lmsal.com/sdomedia/ssw/media/ssw/ssw_client/data/ssw_service_190111_230303_15348/www/ssw_cutout_171_context_thumb.gif,http://sdowww.lmsal.com/sdomedia/ssw/media/ssw/ssw_client/data/ssw_service_190111_230303_15348/www/ssw_cutout_171_context_full.gif,AR
37,http://sdowww.lmsal.com/sdomedia/ssw/media/ssw/ssw_client/data/ssw_service_190101_215050_27882/www/ssw_cutout_193_context_thumb.gif,http://sdowww.lmsal.com/sdomedia/ssw/media/ssw/ssw_client/data/ssw_service_190101_215050_27882/www/ssw_cutout_193_context_full.gif,FL
38,http://sdowww.lmsal.com/sdomedia/ssw/media/ssw/ssw_client/data/ssw_service_190207_094834_12214/www/ssw_cutout_131_context_thumb.gif,http://sdowww.lmsal.com/sdomedia/ssw/media/ssw/ssw_client/data/ssw_service_190207_094834_12214/www/ssw_cutout_131_context_full.gif,FL
39,http://sdowww.lmsal.com/sdomedia/ssw/media/ssw/ssw_client/data/ssw_service_190210_022125_19324/www/ssw_cutout_171_context_thumb.gif,http://sdowww.lmsal.com/sdomedia/ssw/media/ssw/ssw_client/data/ssw_service_190210_022125_19324/www/ssw_cutout_171_context_full.gif,FL
40,http://sdowww.lmsal.com/sdomedia/ssw/media/ssw/ssw_client/data/ssw_service_190206_122628_19848/www/ssw_cutout_211_context_thumb.gif,http://sdowww.lmsal.com/sdomedia/ssw/media/ssw/ssw_client/data/ssw_service_190206_122628_19848/www/ssw_cutout_211_context_full.gif,FL
42,http://sdowww.lmsal.com/sdomedia/ssw/media/ssw/ssw_client/data/ssw_service_190102_074130_21611/www/ssw_cutout_193_context_thumb.gif,http://sdowww.lmsal.com/sdomedia/ssw/media/ssw/ssw_client/data/ssw_service_190102_074130_21611/www/ssw_cutout_193_context_full.gif,FL
43,http://sdowww.lmsal.com/sdomedia/ssw/media/ssw/ssw_client/data/ssw_service_190111_205430_9203/www/ssw_cutout_171_context_thumb.gif,http://sdowww.lmsal.com/sdomedia/ssw/media/ssw/ssw_client/data/ssw_service_190111_205430_9203/www/ssw_cutout_171_context_full.gif,AR
44,http://sdowww.lmsal.com/sdomedia/ssw/media/ssw/ssw_client/data/ssw_service_190111_205431_9207/www/ssw_cutout_171_context_thumb.gif,http://sdowww.lmsal.com/sdomedia/ssw/media/ssw/ssw_client/data/ssw_service_190111_205431_9207/www/ssw_cutout_171_context_full.gif,AR
45,http://sdowww.lmsal.com/sdomedia/ssw/media/ssw/ssw_client/data/ssw_service_190102_074052_21579/www/ssw_cutout_193_context_thumb.gif,http://sdowww.lmsal.com/sdomedia/ssw/media/ssw/ssw_client/data/ssw_service_190102_074052_21579/www/ssw_cutout_193_context_full.gif,FL
47,http://sdowww.lmsal.com/sdomedia/ssw/media/ssw/ssw_client/data/ssw_service_190111_205623_9333/www/ssw_cutout_171_context_thumb.gif,http://sdowww.lmsal.com/sdomedia/ssw/media/ssw/ssw_client/data/ssw_service_190111_205623_9333/www/ssw_cutout_171_context_full.gif,AR
48,http://sdowww.lmsal.com/sdomedia/ssw/media/ssw/ssw_client/data/ssw_service_190111_205623_9337/www/ssw_cutout_171_context_thumb.gif,http://sdowww.lmsal.com/sdomedia/ssw/media/ssw/ssw_client/data/ssw_service_190111_205623_9337/www/ssw_cutout_171_context_full.gif,AR
50,http://sdowww.lmsal.com/sdomedia/ssw/media/ssw/ssw_client/data/ssw_service_190102_074546_22022/www/ssw_cutout_193_context_thumb.gif,http://sdowww.lmsal.com/sdomedia/ssw/media/ssw/ssw_client/data/ssw_service_190102_074546_22022/www/ssw_cutout_193_context_full.gif,FL
51,http://sdowww.lmsal.com/sdomedia/ssw/media/ssw/ssw_client/data/ssw_service_190102_121638_3551/www/ssw_cutout_193_context_thumb.gif,http://sdowww.lmsal.com/sdomedia/ssw/media/ssw/ssw_client/data/ssw_service_190102_121638_3551/www/ssw_cutout_193_context_full.gif,FL
52,http://sdowww.lmsal.com/sdomedia/ssw/media/ssw/ssw_client/data/ssw_service_190111_225813_15055/www/ssw_cutout_171_context_thumb.gif,http://sdowww.lmsal.com/sdomedia/ssw/media/ssw/ssw_client/data/ssw_service_190111_225813_15055/www/ssw_cutout_171_context_full.gif,AR
53,http://sdowww.lmsal.com/sdomedia/ssw/media/ssw/ssw_client/data/ssw_service_190111_225813_15051/www/ssw_cutout_171_context_thumb.gif,http://sdowww.lmsal.com/sdomedia/ssw/media/ssw/ssw_client/data/ssw_service_190111_225813_15051/www/ssw_cutout_171_context_full.gif,AR
54,http://sdowww.lmsal.com/sdomedia/ssw/media/ssw/ssw_client/data/ssw_service_190102_121554_3493/www/ssw_cutout_193_context_thumb.gif,http://sdowww.lmsal.com/sdomedia/ssw/media/ssw/ssw_client/data/ssw_service_190102_121554_3493/www/ssw_cutout_193_context_full.gif,FL
55,http://sdowww.lmsal.com/sdomedia/ssw/media/ssw/ssw_client/data/ssw_service_190102_122549_3850/www/ssw_cutout_193_context_thumb.gif,http://sdowww.lmsal.com/sdomedia/ssw/media/ssw/ssw_client/data/ssw_service_190102_122549_3850/www/ssw_cutout_193_context_full.gif,FL
57,http://sdowww.lmsal.com/sdomedia/ssw/media/ssw/ssw_client/data/ssw_service_190102_125053_4909/www/ssw_cutout_193_context_thumb.gif,http://sdowww.lmsal.com/sdomedia/ssw/media/ssw/ssw_client/data/ssw_service_190102_125053_4909/www/ssw_cutout_193_context_full.gif,FL
59,http://sdowww.lmsal.com/sdomedia/ssw/media/ssw/ssw_client/data/ssw_service_190111_225619_15011/www/ssw_cutout_171_context_thumb.gif,http://sdowww.lmsal.com/sdomedia/ssw/media/ssw/ssw_client/data/ssw_service_190111_225619_15011/www/ssw_cutout_171_context_full.gif,AR
60,http://sdowww.lmsal.com/sdomedia/ssw/media/ssw/ssw_client/data/ssw_service_190112_061744_5171/www/ssw_cutout_171_context_thumb.gif,http://sdowww.lmsal.com/sdomedia/ssw/media/ssw/ssw_client/data/ssw_service_190112_061744_5171/www/ssw_cutout_171_context_full.gif,AR
61,http://sdowww.lmsal.com/sdomedia/ssw/media/ssw/ssw_client/data/ssw_service_190112_061744_5175/www/ssw_cutout_171_context_thumb.gif,http://sdowww.lmsal.com/sdomedia/ssw/media/ssw/ssw_client/data/ssw_service_190112_061744_5175/www/ssw_cutout_171_context_full.gif,AR
64,http://sdowww.lmsal.com/sdomedia/ssw/media/ssw/ssw_client/data/ssw_service_190111_225425_14881/www/ssw_cutout_171_context_thumb.gif,http://sdowww.lmsal.com/sdomedia/ssw/media/ssw/ssw_client/data/ssw_service_190111_225425_14881/www/ssw_cutout_171_context_full.gif,AR
65,http://sdowww.lmsal.com/sdomedia/ssw/media/ssw/ssw_client/data/ssw_service_190111_225619_15007/www/ssw_cutout_171_context_thumb.gif,http://sdowww.lmsal.com/sdomedia/ssw/media/ssw/ssw_client/data/ssw_service_190111_225619_15007/www/ssw_cutout_171_context_full.gif,AR
66,http://sdowww.lmsal.com/sdomedia/ssw/media/ssw/ssw_client/data/ssw_service_190111_225229_14810/www/ssw_cutout_171_context_thumb.gif,http://sdowww.lmsal.com/sdomedia/ssw/media/ssw/ssw_client/data/ssw_service_190111_225229_14810/www/ssw_cutout_171_context_full.gif,AR
68,http://sdowww.lmsal.com/sdomedia/ssw/media/ssw/ssw_client/data/ssw_service_190102_214626_27619/www/ssw_cutout_193_context_thumb.gif,http://sdowww.lmsal.com/sdomedia/ssw/media/ssw/ssw_client/data/ssw_service_190102_214626_27619/www/ssw_cutout_193_context_full.gif,FL
69,http://sdowww.lmsal.com/sdomedia/ssw/media/ssw/ssw_client/data/ssw_service_190102_214549_27589/www/ssw_cutout_193_context_thumb.gif,http://sdowww.lmsal.com/sdomedia/ssw/media/ssw/ssw_client/data/ssw_service_190102_214549_27589/www/ssw_cutout_193_context_full.gif,FL
70,http://sdowww.lmsal.com/sdomedia/ssw/media/ssw/ssw_client/data/ssw_service_190111_225034_14744/www/ssw_cutout_171_context_thumb.gif,http://sdowww.lmsal.com/sdomedia/ssw/media/ssw/ssw_client/data/ssw_service_190111_225034_14744/www/ssw_cutout_171_context_full.gif,AR
71,http://sdowww.lmsal.com/sdomedia/ssw/media/ssw/ssw_client/data/ssw_service_190111_225228_14806/www/ssw_cutout_171_context_thumb.gif,http://sdowww.lmsal.com/sdomedia/ssw/media/ssw/ssw_client/data/ssw_service_190111_225228_14806/www/ssw_cutout_171_context_full.gif,AR
72,http://sdowww.lmsal.com/sdomedia/ssw/media/ssw/ssw_client/data/ssw_service_190212_160820_18747/www/ssw_cutout_131_context_thumb.gif,http://sdowww.lmsal.com/sdomedia/ssw/media/ssw/ssw_client/data/ssw_service_190212_160820_18747/www/ssw_cutout_131_context_full.gif,FL
74,http://sdowww.lmsal.com/sdomedia/ssw/media/ssw/ssw_client/data/ssw_service_190112_061744_5159/www/ssw_cutout_171_context_thumb.gif,http://sdowww.lmsal.com/sdomedia/ssw/media/ssw/ssw_client/data/ssw_service_190112_061744_5159/www/ssw_cutout_171_context_full.gif,AR
75,http://sdowww.lmsal.com/sdomedia/ssw/media/ssw/ssw_client/data/ssw_service_190112_061744_5167/www/ssw_cutout_171_context_thumb.gif,http://sdowww.lmsal.com/sdomedia/ssw/media/ssw/ssw_client/data/ssw_service_190112_061744_5167/www/ssw_cutout_171_context_full.gif,AR
76,http://sdowww.lmsal.com/sdomedia/ssw/media/ssw/ssw_client/data/ssw_service_190112_061744_5163/www/ssw_cutout_171_context_thumb.gif,http://sdowww.lmsal.com/sdomedia/ssw/media/ssw/ssw_client/data/ssw_service_190112_061744_5163/www/ssw_cutout_171_context_full.gif,AR
78,http://sdowww.lmsal.com/sdomedia/ssw/media/ssw/ssw_client/data/ssw_service_190103_063542_19202/www/ssw_cutout_193_context_thumb.gif,http://sdowww.lmsal.com/sdomedia/ssw/media/ssw/ssw_client/data/ssw_service_190103_063542_19202/www/ssw_cutout_193_context_full.gif,FL
79,http://sdowww.lmsal.com/sdomedia/ssw/media/ssw/ssw_client/data/ssw_service_190111_224449_14403/www/ssw_cutout_171_context_thumb.gif,http://sdowww.lmsal.com/sdomedia/ssw/media/ssw/ssw_client/data/ssw_service_190111_224449_14403/www/ssw_cutout_171_context_full.gif,AR
80,http://sdowww.lmsal.com/sdomedia/ssw/media/ssw/ssw_client/data/ssw_service_190111_224449_14399/www/ssw_cutout_171_context_thumb.gif,http://sdowww.lmsal.com/sdomedia/ssw/media/ssw/ssw_client/data/ssw_service_190111_224449_14399/www/ssw_cutout_171_context_full.gif,AR
81,http://sdowww.lmsal.com/sdomedia/ssw/media/ssw/ssw_client/data/ssw_service_190111_224842_14683/www/ssw_cutout_171_context_thumb.gif,http://sdowww.lmsal.com/sdomedia/ssw/media/ssw/ssw_client/data/ssw_service_190111_224842_14683/www/ssw_cutout_171_context_full.gif,AR
82,http://sdowww.lmsal.com/sdomedia/ssw/media/ssw/ssw_client/data/ssw_service_190111_224841_14679/www/ssw_cutout_171_context_thumb.gif,http://sdowww.lmsal.com/sdomedia/ssw/media/ssw/ssw_client/data/ssw_service_190111_224841_14679/www/ssw_cutout_171_context_full.gif,AR
83,http://sdowww.lmsal.com/sdomedia/ssw/media/ssw/ssw_client/data/ssw_service_190103_063526_19198/www/ssw_cutout_193_context_thumb.gif,http://sdowww.lmsal.com/sdomedia/ssw/media/ssw/ssw_client/data/ssw_service_190103_063526_19198/www/ssw_cutout_193_context_full.gif,FL
84,http://sdowww.lmsal.com/sdomedia/ssw/media/ssw/ssw_client/data/ssw_service_190103_064046_19368/www/ssw_cutout_193_context_thumb.gif,http://sdowww.lmsal.com/sdomedia/ssw/media/ssw/ssw_client/data/ssw_service_190103_064046_19368/www/ssw_cutout_193_context_full.gif,FL
85,http://sdowww.lmsal.com/sdomedia/ssw/media/ssw/ssw_client/data/ssw_service_190103_064028_19364/www/ssw_cutout_193_context_thumb.gif,http://sdowww.lmsal.com/sdomedia/ssw/media/ssw/ssw_client/data/ssw_service_190103_064028_19364/www/ssw_cutout_193_context_full.gif,FL
87,http://www.lmsal.com/hek/gallery/podimages/2019/01/05/pod_nitta_nariaki_2019-01-05T22%3A25%3A53.920/thumb/halocme_AIA-211_AIA-193_AIA-171_20190103T163425_made_20190105T222103.jpg,http://www.lmsal.com/hek/gallery/podimages/2019/01/05/pod_nitta_nariaki_2019-01-05T22%3A25%3A53.920/halocme_AIA-211_AIA-193_AIA-171_20190103T163425_made_20190105T222103.jpg,FL
88,http://www.lmsal.com/hek/gallery/podimages/2019/01/05/pod_nitta_nariaki_2019-01-05T22%3A25%3A45.426/thumb/halocme_AIA-211_AIA-193_AIA-171_20190103T163425_made_20190105T222103.jpg,http://www.lmsal.com/hek/gallery/podimages/2019/01/05/pod_nitta_nariaki_2019-01-05T22%3A25%3A45.426/halocme_AIA-211_AIA-193_AIA-171_20190103T163425_made_20190105T222103.jpg,FL
89,http://www.lmsal.com/hek/gallery/podimages/2019/01/05/pod_nitta_nariaki_2019-01-05T22%3A25%3A45.426/thumb/halocme_AIA-211_AIA-193_AIA-171_20190103T163425_made_20190105T222103.jpg,http://www.lmsal.com/hek/gallery/podimages/2019/01/05/pod_nitta_nariaki_2019-01-05T22%3A25%3A45.426/halocme_AIA-211_AIA-193_AIA-171_20190103T163425_made_20190105T222103.jpg,FL
90,http://www.lmsal.com/hek/gallery/podimages/2019/01/05/pod_nitta_nariaki_2019-01-05T22%3A25%3A45.426/thumb/halocme_AIA-211_AIA-193_AIA-171_20190103T163425_made_20190105T222103.jpg,http://www.lmsal.com/hek/gallery/podimages/2019/01/05/pod_nitta_nariaki_2019-01-05T22%3A25%3A45.426/halocme_AIA-211_AIA-193_AIA-171_20190103T163425_made_20190105T222103.jpg,FL
91,http://sdowww.lmsal.com/sdomedia/ssw/media/ssw/ssw_client/data/ssw_service_190103_100053_27626/www/ssw_cutout_193_context_thumb.gif,http://sdowww.lmsal.com/sdomedia/ssw/media/ssw/ssw_client/data/ssw_service_190103_100053_27626/www/ssw_cutout_193_context_full.gif,FL
93,http://sdowww.lmsal.com/sdomedia/ssw/media/ssw/ssw_client/data/ssw_service_190103_155058_12865/www/ssw_cutout_193_context_thumb.gif,http://sdowww.lmsal.com/sdomedia/ssw/media/ssw/ssw_client/data/ssw_service_190103_155058_12865/www/ssw_cutout_193_context_full.gif,FL
94,http://sdowww.lmsal.com/sdomedia/ssw/media/ssw/ssw_client/data/ssw_service_190112_061744_5155/www/ssw_cutout_171_context_thumb.gif,http://sdowww.lmsal.com/sdomedia/ssw/media/ssw/ssw_client/data/ssw_service_190112_061744_5155/www/ssw_cutout_171_context_full.gif,AR
95,http://sdowww.lmsal.com/sdomedia/ssw/media/ssw/ssw_client/data/ssw_service_190111_224256_14308/www/ssw_cutout_171_context_thumb.gif,http://sdowww.lmsal.com/sdomedia/ssw/media/ssw/ssw_client/data/ssw_service_190111_224256_14308/www/ssw_cutout_171_context_full.gif,AR
96,http://sdowww.lmsal.com/sdomedia/ssw/media/ssw/ssw_client/data/ssw_service_190112_061744_5151/www/ssw_cutout_171_context_thumb.gif,http://sdowww.lmsal.com/sdomedia/ssw/media/ssw/ssw_client/data/ssw_service_190112_061744_5151/www/ssw_cutout_171_context_full.gif,AR
97,http://sdowww.lmsal.com/sdomedia/ssw/media/ssw/ssw_client/data/ssw_service_190104_013637_7213/www/ssw_cutout_193_context_thumb.gif,http://sdowww.lmsal.com/sdomedia/ssw/media/ssw/ssw_client/data/ssw_service_190104_013637_7213/www/ssw_cutout_193_context_full.gif,FL
98,http://sdowww.lmsal.com/sdomedia/ssw/media/ssw/ssw_client/data/ssw_service_190212_184837_25132/www/ssw_cutout_131_context_thumb.gif,http://sdowww.lmsal.com/sdomedia/ssw/media/ssw/ssw_client/data/ssw_service_190212_184837_25132/www/ssw_cutout_131_context_full.gif,FL
99,http://sdowww.lmsal.com/sdomedia/ssw/media/ssw/ssw_client/data/ssw_service_190111_224256_14304/www/ssw_cutout_171_context_thumb.gif,http://sdowww.lmsal.com/sdomedia/ssw/media/ssw/ssw_client/data/ssw_service_190111_224256_14304/www/ssw_cutout_171_context_full.gif,AR
100,http://sdowww.lmsal.com/sdomedia/ssw/media/ssw/ssw_client/data/ssw_service_190111_223907_14184/www/ssw_cutout_171_context_thumb.gif,http://sdowww.lmsal.com/sdomedia/ssw/media/ssw/ssw_client/data/ssw_service_190111_223907_14184/www/ssw_cutout_171_context_full.gif,AR
103,http://sdowww.lmsal.com/sdomedia/ssw/media/ssw/ssw_client/data/ssw_service_190111_223322_13993/www/ssw_cutout_171_context_thumb.gif,http://sdowww.lmsal.com/sdomedia/ssw/media/ssw/ssw_client/data/ssw_service_190111_223322_13993/www/ssw_cutout_171_context_full.gif,AR
104,http://sdowww.lmsal.com/sdomedia/ssw/media/ssw/ssw_client/data/ssw_service_190111_210457_9756/www/ssw_cutout_171_context_thumb.gif,http://sdowww.lmsal.com/sdomedia/ssw/media/ssw/ssw_client/data/ssw_service_190111_210457_9756/www/ssw_cutout_171_context_full.gif,AR
105,http://sdowww.lmsal.com/sdomedia/ssw/media/ssw/ssw_client/data/ssw_service_190111_223712_14154/www/ssw_cutout_171_context_thumb.gif,http://sdowww.lmsal.com/sdomedia/ssw/media/ssw/ssw_client/data/ssw_service_190111_223712_14154/www/ssw_cutout_171_context_full.gif,AR
106,http://sdowww.lmsal.com/sdomedia/ssw/media/ssw/ssw_client/data/ssw_service_190104_013552_7183/www/ssw_cutout_193_context_thumb.gif,http://sdowww.lmsal.com/sdomedia/ssw/media/ssw/ssw_client/data/ssw_service_190104_013552_7183/www/ssw_cutout_193_context_full.gif,FL
108,http://sdowww.lmsal.com/sdomedia/ssw/media/ssw/ssw_client/data/ssw_service_190111_223128_13928/www/ssw_cutout_171_context_thumb.gif,http://sdowww.lmsal.com/sdomedia/ssw/media/ssw/ssw_client/data/ssw_service_190111_223128_13928/www/ssw_cutout_171_context_full.gif,AR
109,http://sdowww.lmsal.com/sdomedia/ssw/media/ssw/ssw_client/data/ssw_service_190111_222931_13706/www/ssw_cutout_171_context_thumb.gif,http://sdowww.lmsal.com/sdomedia/ssw/media/ssw/ssw_client/data/ssw_service_190111_222931_13706/www/ssw_cutout_171_context_full.gif,AR
110,http://sdowww.lmsal.com/sdomedia/ssw/media/ssw/ssw_client/data/ssw_service_190111_223322_13985/www/ssw_cutout_171_context_thumb.gif,http://sdowww.lmsal.com/sdomedia/ssw/media/ssw/ssw_client/data/ssw_service_190111_223322_13985/www/ssw_cutout_171_context_full.gif,AR
111,http://sdowww.lmsal.com/sdomedia/ssw/media/ssw/ssw_client/data/ssw_service_190111_223322_13989/www/ssw_cutout_171_context_thumb.gif,http://sdowww.lmsal.com/sdomedia/ssw/media/ssw/ssw_client/data/ssw_service_190111_223322_13989/www/ssw_cutout_171_context_full.gif,AR
113,http://sdowww.lmsal.com/sdomedia/ssw/media/ssw/ssw_client/data/ssw_service_190111_210650_9871/www/ssw_cutout_171_context_thumb.gif,http://sdowww.lmsal.com/sdomedia/ssw/media/ssw/ssw_client/data/ssw_service_190111_210650_9871/www/ssw_cutout_171_context_full.gif,AR
114,http://sdowww.lmsal.com/sdomedia/ssw/media/ssw/ssw_client/data/ssw_service_190111_210650_9875/www/ssw_cutout_171_context_thumb.gif,http://sdowww.lmsal.com/sdomedia/ssw/media/ssw/ssw_client/data/ssw_service_190111_210650_9875/www/ssw_cutout_171_context_full.gif,AR
115,http://sdowww.lmsal.com/sdomedia/ssw/media/ssw/ssw_client/data/ssw_service_190111_210650_9867/www/ssw_cutout_171_context_thumb.gif,http://sdowww.lmsal.com/sdomedia/ssw/media/ssw/ssw_client/data/ssw_service_190111_210650_9867/www/ssw_cutout_171_context_full.gif,AR
116,http://www.lmsal.com/hek/gallery/podimages/2019/01/05/pod_nitta_nariaki_2019-01-05T22%3A54%3A21.446/thumb/halocme_AIA-94_AIA-335_AIA-193_20190104T122738_made_20190105T225159.jpg,http://www.lmsal.com/hek/gallery/podimages/2019/01/05/pod_nitta_nariaki_2019-01-05T22%3A54%3A21.446/halocme_AIA-94_AIA-335_AIA-193_20190104T122738_made_20190105T225159.jpg,FL
117,http://www.lmsal.com/hek/gallery/podimages/2019/01/05/pod_nitta_nariaki_2019-01-05T22%3A54%3A21.446/thumb/halocme_AIA-94_AIA-335_AIA-193_20190104T122738_made_20190105T225159.jpg,http://www.lmsal.com/hek/gallery/podimages/2019/01/05/pod_nitta_nariaki_2019-01-05T22%3A54%3A21.446/halocme_AIA-94_AIA-335_AIA-193_20190104T122738_made_20190105T225159.jpg,FL
118,http://www.lmsal.com/hek/gallery/podimages/2019/01/05/pod_nitta_nariaki_2019-01-05T22%3A54%3A30.166/thumb/halocme_AIA-94_AIA-335_AIA-193_20190104T122738_made_20190105T225159.jpg,http://www.lmsal.com/hek/gallery/podimages/2019/01/05/pod_nitta_nariaki_2019-01-05T22%3A54%3A30.166/halocme_AIA-94_AIA-335_AIA-193_20190104T122738_made_20190105T225159.jpg,FL
119,http://www.lmsal.com/hek/gallery/podimages/2019/01/05/pod_nitta_nariaki_2019-01-05T22%3A54%3A21.446/thumb/halocme_AIA-94_AIA-335_AIA-193_20190104T122738_made_20190105T225159.jpg,http://www.lmsal.com/hek/gallery/podimages/2019/01/05/pod_nitta_nariaki_2019-01-05T22%3A54%3A21.446/halocme_AIA-94_AIA-335_AIA-193_20190104T122738_made_20190105T225159.jpg,FL
120,http://www.lmsal.com/solarsoft/irisa/data/level2/2019/01/04/20190104_104505_3620108077/www/l2_20190104_104505_3620108077_SJI_1330_t000_fits_20190104_104505_j_fthumb.gif,http://www.lmsal.com/solarsoft/irisa/data/level2/2019/01/04/20190104_104505_3620108077/www/l2_20190104_104505_3620108077_SJI_1330_t000_fits_20190104_104505_j_fthumb.gif,FL
121,http://sdowww.lmsal.com/sdomedia/ssw/media/ssw/ssw_client/data/ssw_service_190104_055551_17478/www/ssw_cutout_193_context_thumb.gif,http://sdowww.lmsal.com/sdomedia/ssw/media/ssw/ssw_client/data/ssw_service_190104_055551_17478/www/ssw_cutout_193_context_full.gif,FL
123,http://sdowww.lmsal.com/sdomedia/ssw/media/ssw/ssw_client/data/ssw_service_190104_065048_19681/www/ssw_cutout_193_context_thumb.gif,http://sdowww.lmsal.com/sdomedia/ssw/media/ssw/ssw_client/data/ssw_service_190104_065048_19681/www/ssw_cutout_193_context_full.gif,FL
124,http://sdowww.lmsal.com/sdomedia/ssw/media/ssw/ssw_client/data/ssw_service_190212_193033_26793/www/ssw_cutout_131_context_thumb.gif,http://sdowww.lmsal.com/sdomedia/ssw/media/ssw/ssw_client/data/ssw_service_190212_193033_26793/www/ssw_cutout_131_context_full.gif,FL
125,http://sdowww.lmsal.com/sdomedia/ssw/media/ssw/ssw_client/data/ssw_service_190111_222931_13698/www/ssw_cutout_171_context_thumb.gif,http://sdowww.lmsal.com/sdomedia/ssw/media/ssw/ssw_client/data/ssw_service_190111_222931_13698/www/ssw_cutout_171_context_full.gif,AR
126,http://sdowww.lmsal.com/sdomedia/ssw/media/ssw/ssw_client/data/ssw_service_190111_222544_13619/www/ssw_cutout_171_context_thumb.gif,http://sdowww.lmsal.com/sdomedia/ssw/media/ssw/ssw_client/data/ssw_service_190111_222544_13619/www/ssw_cutout_171_context_full.gif,AR
127,http://sdowww.lmsal.com/sdomedia/ssw/media/ssw/ssw_client/data/ssw_service_190111_222931_13702/www/ssw_cutout_171_context_thumb.gif,http://sdowww.lmsal.com/sdomedia/ssw/media/ssw/ssw_client/data/ssw_service_190111_222931_13702/www/ssw_cutout_171_context_full.gif,AR
128,http://sdowww.lmsal.com/sdomedia/ssw/media/ssw/ssw_client/data/ssw_service_190111_222352_13494/www/ssw_cutout_171_context_thumb.gif,http://sdowww.lmsal.com/sdomedia/ssw/media/ssw/ssw_client/data/ssw_service_190111_222352_13494/www/ssw_cutout_171_context_full.gif,AR
129,http://sdowww.lmsal.com/sdomedia/ssw/media/ssw/ssw_client/data/ssw_service_190111_210841_9892/www/ssw_cutout_171_context_thumb.gif,http://sdowww.lmsal.com/sdomedia/ssw/media/ssw/ssw_client/data/ssw_service_190111_210841_9892/www/ssw_cutout_171_context_full.gif,AR
131,http://sdowww.lmsal.com/sdomedia/ssw/media/ssw/ssw_client/data/ssw_service_190111_222001_13387/www/ssw_cutout_171_context_thumb.gif,http://sdowww.lmsal.com/sdomedia/ssw/media/ssw/ssw_client/data/ssw_service_190111_222001_13387/www/ssw_cutout_171_context_full.gif,AR
132,http://sdowww.lmsal.com/sdomedia/ssw/media/ssw/ssw_client/data/ssw_service_190111_222158_13447/www/ssw_cutout_171_context_thumb.gif,http://sdowww.lmsal.com/sdomedia/ssw/media/ssw/ssw_client/data/ssw_service_190111_222158_13447/www/ssw_cutout_171_context_full.gif,AR
135,http://sdowww.lmsal.com/sdomedia/ssw/media/ssw/ssw_client/data/ssw_service_190111_211037_9973/www/ssw_cutout_171_context_thumb.gif,http://sdowww.lmsal.com/sdomedia/ssw/media/ssw/ssw_client/data/ssw_service_190111_211037_9973/www/ssw_cutout_171_context_full.gif,AR
136,http://sdowww.lmsal.com/sdomedia/ssw/media/ssw/ssw_client/data/ssw_service_190111_211037_9977/www/ssw_cutout_171_context_thumb.gif,http://sdowww.lmsal.com/sdomedia/ssw/media/ssw/ssw_client/data/ssw_service_190111_211037_9977/www/ssw_cutout_171_context_full.gif,AR
138,http://sdowww.lmsal.com/sdomedia/ssw/media/ssw/ssw_client/data/ssw_service_190111_222001_13383/www/ssw_cutout_171_context_thumb.gif,http://sdowww.lmsal.com/sdomedia/ssw/media/ssw/ssw_client/data/ssw_service_190111_222001_13383/www/ssw_cutout_171_context_full.gif,AR
139,http://sdowww.lmsal.com/sdomedia/ssw/media/ssw/ssw_client/data/ssw_service_190111_221804_13334/www/ssw_cutout_171_context_thumb.gif,http://sdowww.lmsal.com/sdomedia/ssw/media/ssw/ssw_client/data/ssw_service_190111_221804_13334/www/ssw_cutout_171_context_full.gif,AR
141,http://sdowww.lmsal.com/sdomedia/ssw/media/ssw/ssw_client/data/ssw_service_190112_061744_5143/www/ssw_cutout_171_context_thumb.gif,http://sdowww.lmsal.com/sdomedia/ssw/media/ssw/ssw_client/data/ssw_service_190112_061744_5143/www/ssw_cutout_171_context_full.gif,AR
142,http://sdowww.lmsal.com/sdomedia/ssw/media/ssw/ssw_client/data/ssw_service_190112_061744_5147/www/ssw_cutout_171_context_thumb.gif,http://sdowww.lmsal.com/sdomedia/ssw/media/ssw/ssw_client/data/ssw_service_190112_061744_5147/www/ssw_cutout_171_context_full.gif,AR
143,http://sdowww.lmsal.com/sdomedia/ssw/media/ssw/ssw_client/data/ssw_service_190112_061744_5139/www/ssw_cutout_171_context_thumb.gif,http://sdowww.lmsal.com/sdomedia/ssw/media/ssw/ssw_client/data/ssw_service_190112_061744_5139/www/ssw_cutout_171_context_full.gif,AR
144,http://sdowww.lmsal.com/sdomedia/ssw/media/ssw/ssw_client/data/ssw_service_190111_221610_13302/www/ssw_cutout_171_context_thumb.gif,http://sdowww.lmsal.com/sdomedia/ssw/media/ssw/ssw_client/data/ssw_service_190111_221610_13302/www/ssw_cutout_171_context_full.gif,AR
146,http://sdowww.lmsal.com/sdomedia/ssw/media/ssw/ssw_client/data/ssw_service_190111_221610_13294/www/ssw_cutout_171_context_thumb.gif,http://sdowww.lmsal.com/sdomedia/ssw/media/ssw/ssw_client/data/ssw_service_190111_221610_13294/www/ssw_cutout_171_context_full.gif,AR
147,http://sdowww.lmsal.com/sdomedia/ssw/media/ssw/ssw_client/data/ssw_service_190111_221415_13015/www/ssw_cutout_171_context_thumb.gif,http://sdowww.lmsal.com/sdomedia/ssw/media/ssw/ssw_client/data/ssw_service_190111_221415_13015/www/ssw_cutout_171_context_full.gif,AR
148,http://sdowww.lmsal.com/sdomedia/ssw/media/ssw/ssw_client/data/ssw_service_190111_221610_13298/www/ssw_cutout_171_context_thumb.gif,http://sdowww.lmsal.com/sdomedia/ssw/media/ssw/ssw_client/data/ssw_service_190111_221610_13298/www/ssw_cutout_171_context_full.gif,AR
150,http://sdowww.lmsal.com/sdomedia/ssw/media/ssw/ssw_client/data/ssw_service_190111_221415_13011/www/ssw_cutout_171_context_thumb.gif,http://sdowww.lmsal.com/sdomedia/ssw/media/ssw/ssw_client/data/ssw_service_190111_221415_13011/www/ssw_cutout_171_context_full.gif,AR
151,http://sdowww.lmsal.com/sdomedia/ssw/media/ssw/ssw_client/data/ssw_service_190111_221222_12926/www/ssw_cutout_171_context_thumb.gif,http://sdowww.lmsal.com/sdomedia/ssw/media/ssw/ssw_client/data/ssw_service_190111_221222_12926/www/ssw_cutout_171_context_full.gif,AR
152,http://sdowww.lmsal.com/sdomedia/ssw/media/ssw/ssw_client/data/ssw_service_190111_221030_12869/www/ssw_cutout_171_context_thumb.gif,http://sdowww.lmsal.com/sdomedia/ssw/media/ssw/ssw_client/data/ssw_service_190111_221030_12869/www/ssw_cutout_171_context_full.gif,AR
154,http://sdowww.lmsal.com/sdomedia/ssw/media/ssw/ssw_client/data/ssw_service_190112_061744_5131/www/ssw_cutout_171_context_thumb.gif,http://sdowww.lmsal.com/sdomedia/ssw/media/ssw/ssw_client/data/ssw_service_190112_061744_5131/www/ssw_cutout_171_context_full.gif,AR
155,http://sdowww.lmsal.com/sdomedia/ssw/media/ssw/ssw_client/data/ssw_service_190112_061744_5135/www/ssw_cutout_171_context_thumb.gif,http://sdowww.lmsal.com/sdomedia/ssw/media/ssw/ssw_client/data/ssw_service_190112_061744_5135/www/ssw_cutout_171_context_full.gif,AR
156,http://www.lmsal.com/solarsoft/irisa/data/level2/2019/01/05/20190105_224144_3660259523/www/l2_20190105_224144_3660259523_SJI_1330_t000_fits_20190105_224144_j_fthumb.gif,http://www.lmsal.com/solarsoft/irisa/data/level2/2019/01/05/20190105_224144_3660259523/www/l2_20190105_224144_3660259523_SJI_1330_t000_fits_20190105_224144_j_fthumb.gif,FL
159,http://www.lmsal.com/solarsoft/irisa/data/level2/2019/01/06/20190106_000610_3620108077/www/l2_20190106_000610_3620108077_SJI_1330_t000_fits_20190106_000610_j_fthumb.gif,http://www.lmsal.com/solarsoft/irisa/data/level2/2019/01/06/20190106_000610_3620108077/www/l2_20190106_000610_3620108077_SJI_1330_t000_fits_20190106_000610_j_fthumb.gif,FL
160,http://sdowww.lmsal.com/sdomedia/ssw/media/ssw/ssw_client/data/ssw_service_190112_061743_5127/www/ssw_cutout_171_context_thumb.gif,http://sdowww.lmsal.com/sdomedia/ssw/media/ssw/ssw_client/data/ssw_service_190112_061743_5127/www/ssw_cutout_171_context_full.gif,AR
161,http://sdowww.lmsal.com/sdomedia/ssw/media/ssw/ssw_client/data/ssw_service_190111_221030_12865/www/ssw_cutout_171_context_thumb.gif,http://sdowww.lmsal.com/sdomedia/ssw/media/ssw/ssw_client/data/ssw_service_190111_221030_12865/www/ssw_cutout_171_context_full.gif,AR
162,http://sdowww.lmsal.com/sdomedia/ssw/media/ssw/ssw_client/data/ssw_service_190111_220837_12782/www/ssw_cutout_171_context_thumb.gif,http://sdowww.lmsal.com/sdomedia/ssw/media/ssw/ssw_client/data/ssw_service_190111_220837_12782/www/ssw_cutout_171_context_full.gif,AR
163,http://www.lmsal.com/solarsoft/irisa/data/level2/2019/01/06/20190106_013430_3620108077/www/l2_20190106_013430_3620108077_SJI_1330_t000_fits_20190106_013430_j_fthumb.gif,http://www.lmsal.com/solarsoft/irisa/data/level2/2019/01/06/20190106_013430_3620108077/www/l2_20190106_013430_3620108077_SJI_1330_t000_fits_20190106_013430_j_fthumb.gif,FL
164,http://sdowww.lmsal.com/sdomedia/ssw/media/ssw/ssw_client/data/ssw_service_190105_215900_25411/www/ssw_cutout_193_context_thumb.gif,http://sdowww.lmsal.com/sdomedia/ssw/media/ssw/ssw_client/data/ssw_service_190105_215900_25411/www/ssw_cutout_193_context_full.gif,FL
166,http://sdowww.lmsal.com/sdomedia/ssw/media/ssw/ssw_client/data/ssw_service_190212_231537_6013/www/ssw_cutout_131_context_thumb.gif,http://sdowww.lmsal.com/sdomedia/ssw/media/ssw/ssw_client/data/ssw_service_190212_231537_6013/www/ssw_cutout_131_context_full.gif,FL
170,http://sdowww.lmsal.com/sdomedia/ssw/media/ssw/ssw_client/data/ssw_service_190106_130152_2341/www/ssw_cutout_193_context_thumb.gif,http://sdowww.lmsal.com/sdomedia/ssw/media/ssw/ssw_client/data/ssw_service_190106_130152_2341/www/ssw_cutout_193_context_full.gif,FL
171,http://sdowww.lmsal.com/sdomedia/ssw/media/ssw/ssw_client/data/ssw_service_190112_061743_5119/www/ssw_cutout_171_context_thumb.gif,http://sdowww.lmsal.com/sdomedia/ssw/media/ssw/ssw_client/data/ssw_service_190112_061743_5119/www/ssw_cutout_171_context_full.gif,AR
172,http://sdowww.lmsal.com/sdomedia/ssw/media/ssw/ssw_client/data/ssw_service_190112_061743_5123/www/ssw_cutout_171_context_thumb.gif,http://sdowww.lmsal.com/sdomedia/ssw/media/ssw/ssw_client/data/ssw_service_190112_061743_5123/www/ssw_cutout_171_context_full.gif,AR
174,http://sdowww.lmsal.com/sdomedia/ssw/media/ssw/ssw_client/data/ssw_service_190106_125904_2117/www/ssw_cutout_193_context_thumb.gif,http://sdowww.lmsal.com/sdomedia/ssw/media/ssw/ssw_client/data/ssw_service_190106_125904_2117/www/ssw_cutout_193_context_full.gif,FL
175,http://sdowww.lmsal.com/sdomedia/ssw/media/ssw/ssw_client/data/ssw_service_190213_004827_9578/www/ssw_cutout_131_context_thumb.gif,http://sdowww.lmsal.com/sdomedia/ssw/media/ssw/ssw_client/data/ssw_service_190213_004827_9578/www/ssw_cutout_131_context_full.gif,FL
178,http://sdowww.lmsal.com/sdomedia/ssw/media/ssw/ssw_client/data/ssw_service_190106_125640_2065/www/ssw_cutout_193_context_thumb.gif,http://sdowww.lmsal.com/sdomedia/ssw/media/ssw/ssw_client/data/ssw_service_190106_125640_2065/www/ssw_cutout_193_context_full.gif,FL
179,http://sdowww.lmsal.com/sdomedia/ssw/media/ssw/ssw_client/data/ssw_service_190111_220451_12657/www/ssw_cutout_171_context_thumb.gif,http://sdowww.lmsal.com/sdomedia/ssw/media/ssw/ssw_client/data/ssw_service_190111_220451_12657/www/ssw_cutout_171_context_full.gif,AR
180,http://sdowww.lmsal.com/sdomedia/ssw/media/ssw/ssw_client/data/ssw_service_190111_220451_12661/www/ssw_cutout_171_context_thumb.gif,http://sdowww.lmsal.com/sdomedia/ssw/media/ssw/ssw_client/data/ssw_service_190111_220451_12661/www/ssw_cutout_171_context_full.gif,AR
181,http://sdowww.lmsal.com/sdomedia/ssw/media/ssw/ssw_client/data/ssw_service_190106_125333_1900/www/ssw_cutout_193_context_thumb.gif,http://sdowww.lmsal.com/sdomedia/ssw/media/ssw/ssw_client/data/ssw_service_190106_125333_1900/www/ssw_cutout_193_context_full.gif,FL
183,http://sdowww.lmsal.com/sdomedia/ssw/media/ssw/ssw_client/data/ssw_service_190213_015003_11990/www/ssw_cutout_131_context_thumb.gif,http://sdowww.lmsal.com/sdomedia/ssw/media/ssw/ssw_client/data/ssw_service_190213_015003_11990/www/ssw_cutout_131_context_full.gif,FL
184,http://sdowww.lmsal.com/sdomedia/ssw/media/ssw/ssw_client/data/ssw_service_190215_120107_4310/www/ssw_cutout_211_context_thumb.gif,http://sdowww.lmsal.com/sdomedia/ssw/media/ssw/ssw_client/data/ssw_service_190215_120107_4310/www/ssw_cutout_211_context_full.gif,FL
185,http://sdowww.lmsal.com/sdomedia/ssw/media/ssw/ssw_client/data/ssw_service_190210_104436_9100/www/ssw_cutout_171_context_thumb.gif,http://sdowww.lmsal.com/sdomedia/ssw/media/ssw/ssw_client/data/ssw_service_190210_104436_9100/www/ssw_cutout_171_context_full.gif,FL
187,http://www.lmsal.com/solarsoft/irisa/data/level2/2019/01/06/20190106_125636_3620108077/www/l2_20190106_125636_3620108077_SJI_1330_t000_fits_20190106_125636_j_fthumb.gif,http://www.lmsal.com/solarsoft/irisa/data/level2/2019/01/06/20190106_125636_3620108077/www/l2_20190106_125636_3620108077_SJI_1330_t000_fits_20190106_125636_j_fthumb.gif,FL
188,http://sdowww.lmsal.com/sdomedia/ssw/media/ssw/ssw_client/data/ssw_service_190111_220258_12572/www/ssw_cutout_171_context_thumb.gif,http://sdowww.lmsal.com/sdomedia/ssw/media/ssw/ssw_client/data/ssw_service_190111_220258_12572/www/ssw_cutout_171_context_full.gif,AR
189,http://sdowww.lmsal.com/sdomedia/ssw/media/ssw/ssw_client/data/ssw_service_190111_220451_12653/www/ssw_cutout_171_context_thumb.gif,http://sdowww.lmsal.com/sdomedia/ssw/media/ssw/ssw_client/data/ssw_service_190111_220451_12653/www/ssw_cutout_171_context_full.gif,AR
190,http://sdowww.lmsal.com/sdomedia/ssw/media/ssw/ssw_client/data/ssw_service_190106_124839_1785/www/ssw_cutout_193_context_thumb.gif,http://sdowww.lmsal.com/sdomedia/ssw/media/ssw/ssw_client/data/ssw_service_190106_124839_1785/www/ssw_cutout_193_context_full.gif,FL
193,http://sdowww.lmsal.com/sdomedia/ssw/media/ssw/ssw_client/data/ssw_service_190112_063952_6019/www/ssw_cutout_171_context_thumb.gif,http://sdowww.lmsal.com/sdomedia/ssw/media/ssw/ssw_client/data/ssw_service_190112_063952_6019/www/ssw_cutout_171_context_full.gif,AR
194,http://sdowww.lmsal.com/sdomedia/ssw/media/ssw/ssw_client/data/ssw_service_190112_063952_6015/www/ssw_cutout_171_context_thumb.gif,http://sdowww.lmsal.com/sdomedia/ssw/media/ssw/ssw_client/data/ssw_service_190112_063952_6015/www/ssw_cutout_171_context_full.gif,AR
196,http://sdowww.lmsal.com/sdomedia/ssw/media/ssw/ssw_client/data/ssw_service_190112_063952_6007/www/ssw_cutout_171_context_thumb.gif,http://sdowww.lmsal.com/sdomedia/ssw/media/ssw/ssw_client/data/ssw_service_190112_063952_6007/www/ssw_cutout_171_context_full.gif,AR
197,http://sdowww.lmsal.com/sdomedia/ssw/media/ssw/ssw_client/data/ssw_service_190112_063952_6011/www/ssw_cutout_171_context_thumb.gif,http://sdowww.lmsal.com/sdomedia/ssw/media/ssw/ssw_client/data/ssw_service_190112_063952_6011/www/ssw_cutout_171_context_full.gif,AR
198,http://www.lmsal.com/solarsoft/irisa/data/level2/2019/01/06/20190106_212735_3660259503/www/l2_20190106_212735_3660259503_SJI_1330_t000_fits_20190106_212735_j_fthumb.gif,http://www.lmsal.com/solarsoft/irisa/data/level2/2019/01/06/20190106_212735_3660259503/www/l2_20190106_212735_3660259503_SJI_1330_t000_fits_20190106_212735_j_fthumb.gif,FL
199,http://sdowww.lmsal.com/sdomedia/ssw/media/ssw/ssw_client/data/ssw_service_190106_193458_18296/www/ssw_cutout_193_context_thumb.gif,http://sdowww.lmsal.com/sdomedia/ssw/media/ssw/ssw_client/data/ssw_service_190106_193458_18296/www/ssw_cutout_193_context_full.gif,FL
